{"karatsuba_time": 0.002776670694351196, "standard_time": 9.992122650146484e-07}
{"karatsuba_time": 0.002742596626281738, "standard_time": 0.0}
{"karatsuba_time": 0.0013989224433898927, "standard_time": 0.0}
{"karatsuba_time": 0.0013425564765930176, "standard_time": 0.0}
{"karatsuba_time": 0.0014399251937866212, "standard_time": 1.1680126190185547e-06}
{"karatsuba_time": 0.0014058077335357667, "standard_time": 0.0}
{"karatsuba_time": 0.0013229401111602783, "standard_time": 1.0004043579101562e-06}
{"karatsuba_time": 0.0010433526039123535, "standard_time": 0.0}
{"karatsuba_time": 0.0012911429405212402, "standard_time": 9.970664978027345e-07}
