
{"karatsuba_time": 1.5836399979889394e-05, "standard_time": 1.1530006304383277e-07}
{"karatsuba_time": 2.073509991168976e-05, "standard_time": 1.2550002429634333e-07}
{"karatsuba_time": 3.647940000519156e-05, "standard_time": 1.367999939247966e-07}
{"karatsuba_time": 1.789460005238652e-05, "standard_time": 1.2900005094707013e-07}
{"karatsuba_time": 2.3397899931296705e-05, "standard_time": 1.4560006093233823e-07}
{"karatsuba_time": 4.06307999510318e-05, "standard_time": 1.5330000314861536e-07}
{"karatsuba_time": 1.7295400029979647e-05, "standard_time": 1.2639991473406554e-07}
{"karatsuba_time": 3.6148600047454236e-05, "standard_time": 1.7550005577504636e-07}
{"karatsuba_time": 5.336220003664494e-05, "standard_time": 1.3830000534653664e-07}
{"karatsuba_time": 1.680549990851432e-05, "standard_time": 1.243000151589513e-07}
{"karatsuba_time": 2.4765999987721444e-05, "standard_time": 1.5610002446919678e-07}
{"karatsuba_time": 3.685080003924668e-05, "standard_time": 1.3920001219958068e-07}
{"karatsuba_time": 7.786599919199944e-06, "standard_time": 1.3920001219958068e-07}
{"karatsuba_time": 4.8194999108090995e-06, "standard_time": 1.289999345317483e-07}
{"karatsuba_time": 1.4579500071704388e-05, "standard_time": 1.4750007539987565e-07}
{"karatsuba_time": 1.847740006633103e-05, "standard_time": 1.5680002979934216e-07}
{"karatsuba_time": 6.28769991453737e-06, "standard_time": 2.1940004080533982e-07}
{"karatsuba_time": 1.5774100087583066e-05, "standard_time": 1.428000396117568e-07}
{"karatsuba_time": 7.266400032676756e-06, "standard_time": 1.3419997412711382e-07}
{"karatsuba_time": 1.1114299995824695e-05, "standard_time": 1.3699999544769525e-07}
{"karatsuba_time": 1.5871499897912146e-05, "standard_time": 1.4180003199726344e-07}
{"karatsuba_time": 7.599000004120171e-06, "standard_time": 1.3120006769895554e-07}
{"karatsuba_time": 4.629599978215993e-06, "standard_time": 1.2019998393952846e-07}
{"karatsuba_time": 2.482969989068806e-05, "standard_time": 5.508000031113625e-07}
