
{"karatsuba_time": 1.5836399979889394e-05, "standard_time": 1.1530006304383277e-07}
{"karatsuba_time": 2.073509991168976e-05, "standard_time": 1.2550002429634333e-07}
{"karatsuba_time": 3.647940000519156e-05, "standard_time": 1.367999939247966e-07}
{"karatsuba_time": 1.789460005238652e-05, "standard_time": 1.2900005094707013e-07}
{"karatsuba_time": 2.3397899931296705e-05, "standard_time": 1.4560006093233823e-07}
{"karatsuba_time": 4.06307999510318e-05, "standard_time": 1.5330000314861536e-07}
{"karatsuba_time": 1.7295400029979647e-05, "standard_time": 1.2639991473406554e-07}
{"karatsuba_time": 3.6148600047454236e-05, "standard_time": 1.7550005577504636e-07}
{"karatsuba_time": 5.336220003664494e-05, "standard_time": 1.3830000534653664e-07}
{"karatsuba_time": 1.680549990851432e-05, "standard_time": 1.243000151589513e-07}
{"karatsuba_time": 2.4765999987721444e-05, "standard_time": 1.5610002446919678e-07}
{"karatsuba_time": 3.685080003924668e-05, "standard_time": 1.3920001219958068e-07}
