{"karatsuba_time": 2.6348899933509527e-05, "standard_time": 1.1840008664876222e-07}
{"karatsuba_time": 2.514139993581921e-05, "standard_time": 1.1779996566474438e-07}
{"karatsuba_time": 2.8483200003392996e-05, "standard_time": 1.3349996879696847e-07}
{"karatsuba_time": 2.7039699954912065e-05, "standard_time": 1.1719996109604836e-07}
{"karatsuba_time": 2.4993999977596106e-05, "standard_time": 1.1080002877861261e-07}
{"karatsuba_time": 2.7517000096850097e-05, "standard_time": 1.1909997556358576e-07}
{"karatsuba_time": 2.9995899996720253e-05, "standard_time": 1.354999840259552e-07}
{"karatsuba_time": 2.9579800087958575e-05, "standard_time": 1.2260000221431255e-07}
{"karatsuba_time": 2.5942399981431663e-05, "standard_time": 1.156999496743083e-07}
{"karatsuba_time": 7.207600050605834e-06, "standard_time": 2.8769997879862786e-07}
{"karatsuba_time": 1.4128000009804965e-05, "standard_time": 1.3979990035295487e-07}
{"karatsuba_time": 5.576299969106913e-06, "standard_time": 1.4789996203035116e-07}
{"karatsuba_time": 5.3959999931976195e-06, "standard_time": 1.575000351294875e-07}
{"karatsuba_time": 6.2569999136030675e-06, "standard_time": 1.5860004350543023e-07}
{"karatsuba_time": 5.897699971683324e-06, "standard_time": 1.2749992311000823e-07}
{"karatsuba_time": 6.037899991497397e-06, "standard_time": 1.4660006854683162e-07}
{"karatsuba_time": 5.770700052380562e-06, "standard_time": 1.3960001524537801e-07}
{"karatsuba_time": 5.874699912965298e-06, "standard_time": 1.4119991101324557e-07}
