{"karatsuba_time": 0.03496023941040039, "standard_time": 2.9921531677246095e-06}
{"karatsuba_time": 0.03487438225746155, "standard_time": 3.989219665527344e-06}
