{"karatsuba_time": 0.002776670694351196, "standard_time": 9.992122650146484e-07}
{"karatsuba_time": 0.002742596626281738, "standard_time": 0.0}
