{"karatsuba_time": 0.03496023941040039, "standard_time": 2.9921531677246095e-06}
{"karatsuba_time": 0.03487438225746155, "standard_time": 3.989219665527344e-06}
{"karatsuba_time": 0.017225534677505493, "standard_time": 3.5641193389892578e-06}
{"karatsuba_time": 0.017828638553619384, "standard_time": 3.4000873565673826e-06}
{"karatsuba_time": 0.017390555620193482, "standard_time": 4.006147384643555e-06}
{"karatsuba_time": 0.017372089385986327, "standard_time": 4.135608673095703e-06}
{"karatsuba_time": 0.01702983021736145, "standard_time": 3.916501998901367e-06}
{"karatsuba_time": 0.013476302623748779, "standard_time": 3.579854965209961e-06}
{"karatsuba_time": 0.01761319828033447, "standard_time": 4.51350212097168e-06}
