Algoritmo,Tempo de Execução
Convencional,1.619999238755554e-05
Karatsuba,0.007804199995007366
